shuffle_1,shuffle_2,shuffle_3,shuffle_4,shuffle_5,shuffle_6,shuffle_7,shuffle_8,shuffle_9,shuffle_10,shuffle_11,shuffle_12,shuffle_13,shuffle_14,shuffle_15,shuffle_16,shuffle_17,shuffle_18,shuffle_19,shuffle_20,shuffle_21,shuffle_22,shuffle_23,shuffle_24,shuffle_25,shuffle_26,shuffle_27,shuffle_28,shuffle_29,shuffle_30,shuffle_31,shuffle_32,shuffle_33,shuffle_34,shuffle_35,shuffle_36,shuffle_37,shuffle_38,shuffle_39,shuffle_40,shuffle_41,shuffle_42,shuffle_43,shuffle_44,shuffle_45,shuffle_46,shuffle_47,shuffle_48,shuffle_49,shuffle_50,shuffle_51,shuffle_52,shuffle_53,shuffle_54,shuffle_55,shuffle_56,shuffle_57,shuffle_58,shuffle_59,shuffle_60,shuffle_61,shuffle_62,shuffle_63,shuffle_64,shuffle_65,shuffle_66,shuffle_67,shuffle_68,shuffle_69,shuffle_70,shuffle_71,shuffle_72,shuffle_73,shuffle_74,shuffle_75,shuffle_76,shuffle_77,shuffle_78,shuffle_79,shuffle_80,shuffle_81,shuffle_82,shuffle_83,shuffle_84,shuffle_85,shuffle_86,shuffle_87,shuffle_88,shuffle_89,shuffle_90,shuffle_91,shuffle_92,shuffle_93,shuffle_94,shuffle_95,shuffle_96,shuffle_97,shuffle_98,shuffle_99,shuffle_100
61,56,53,33,87,54,17,13,53,13,21,79,43,49,71,30,26,8,20,94,39,57,29,67,24,38,98,48,47,19,45,35,15,84,55,16,63,8,128,85,26,5,38,50,67,23,46,25,13,63,50,45,19,101,22,50,51,168,26,19,6,0,58,76,28,41,30,46,43,48,12,51,33,178,94,30,34,14,4,78,16,29,14,35,65,20,45,43,75,46,40,6,9,28,53,175,55,18,71,104
4,24,4,0,0,0,16,0,2,1,1,0,3,0,66,0,0,30,0,0,3,19,7,0,4,0,1,0,0,0,1,0,0,1,36,0,0,24,0,0,0,0,0,0,0,16,10,90,2,5,1,1,18,0,54,0,0,0,37,0,3,23,0,0,3,3,1,3,0,0,1,8,2,5,0,0,0,0,0,13,5,0,14,0,0,1,16,0,0,0,0,0,0,24,3,9,7,0,0,4
0,16,4,0,10,1,79,13,0,0,13,0,21,13,0,0,7,9,42,23,3,3,20,0,22,0,14,31,24,14,20,3,15,14,4,4,6,3,14,5,0,30,11,40,23,0,0,0,41,0,0,5,6,40,0,44,0,8,30,33,12,0,2,3,14,29,6,8,3,0,4,0,51,3,10,5,1,0,4,146,8,40,4,12,5,0,18,12,74,0,6,6,20,0,17,26,16,6,3,0
38,26,90,68,36,34,11,11,15,58,56,61,41,18,81,5,5,2,39,46,14,50,19,16,7,9,46,53,38,0,59,199,25,0,59,125,44,28,34,25,76,42,36,0,19,17,67,39,10,18,14,30,10,26,107,27,69,27,3,0,16,60,32,70,21,9,127,111,49,19,20,100,65,9,24,45,2,31,45,42,28,8,4,32,0,36,17,15,64,145,48,52,59,22,2,52,29,50,158,25
0,6,2,3,40,0,0,9,3,21,73,0,9,66,19,0,0,0,1,4,39,2,4,24,22,11,40,0,3,4,31,14,0,22,0,17,10,14,0,0,0,0,50,0,26,0,0,10,38,3,3,10,0,0,6,79,19,0,14,13,0,11,4,1,21,0,19,10,0,19,24,4,0,0,45,17,13,0,0,0,0,0,0,6,41,13,0,45,57,0,28,56,62,0,141,17,16,5,0,0
28,6,18,37,74,35,44,23,31,9,39,71,29,56,37,31,38,63,14,24,75,73,13,32,32,15,32,32,30,48,112,41,37,76,31,75,1,188,19,107,36,75,43,76,45,52,17,30,59,16,49,166,64,30,59,2,85,37,45,39,97,62,30,34,19,1,32,25,23,49,72,56,51,64,30,70,52,39,38,14,49,33,93,54,34,15,71,8,92,48,10,50,9,142,33,114,32,75,47,59
25,0,176,28,23,32,125,71,87,26,46,70,62,131,35,43,0,36,29,0,56,69,69,7,74,88,0,0,80,5,23,53,68,5,52,0,44,47,102,29,28,129,23,29,0,92,120,55,13,61,123,44,0,43,103,27,0,20,76,44,0,89,111,55,76,1,57,27,84,57,146,16,10,84,39,66,0,60,0,0,303,80,132,40,83,75,70,79,99,0,35,46,19,25,76,43,78,35,27,12
0,0,85,1,6,0,0,35,0,0,0,0,0,0,0,8,0,74,0,0,0,0,0,0,6,140,0,0,0,0,0,1,60,1,11,0,0,0,0,160,0,5,0,11,0,3,9,2,171,1,2,10,0,3,51,0,1,11,3,1,0,0,1,25,23,2,0,4,0,8,0,76,6,0,145,0,5,4,73,0,0,1,15,5,12,0,6,0,0,0,0,0,0,0,7,0,0,0,0,3
0,4,14,0,0,0,0,0,0,0,0,3,0,0,0,0,0,29,0,11,1,0,0,0,0,9,4,0,0,2,0,0,0,25,1,1,1,14,0,0,152,89,0,0,0,1,0,0,19,2,1,1,1,0,0,1,0,61,0,6,3,0,0,0,4,0,0,237,10,0,0,0,0,0,0,4,0,0,0,4,2,2,0,0,1,2,8,1,1,2,0,0,4,6,9,0,1,1,0,0
17,1,0,0,0,14,0,0,0,2,0,0,0,54,0,6,0,0,0,18,19,0,2,13,4,0,0,21,11,0,0,7,63,0,10,0,10,0,0,0,0,6,1,1,4,5,4,0,16,0,8,0,27,55,0,0,0,0,3,0,27,46,15,93,36,0,3,0,4,2,0,1,99,0,31,2,26,1,41,0,0,2,3,0,12,40,0,9,1,3,0,5,0,4,0,0,14,0,11,0
34,0,0,0,1,0,5,0,8,1,0,13,0,7,6,6,15,0,0,1,0,0,11,0,3,21,3,8,0,0,12,8,3,19,0,0,17,0,17,0,0,14,4,1,0,31,5,1,7,0,0,0,3,0,0,0,13,32,0,0,0,15,24,6,9,2,16,79,82,2,0,7,0,13,0,3,53,0,2,7,10,9,4,2,0,0,0,16,2,10,6,7,7,18,0,1,19,0,1,1
8,0,2,0,8,0,0,116,0,3,2,1,0,0,0,0,7,94,1,0,0,3,0,0,0,0,0,2,0,6,0,1,0,2,0,0,0,2,12,0,0,0,2,9,0,9,0,0,3,2,0,0,0,0,3,0,80,3,3,2,0,166,0,0,0,3,9,0,0,6,3,0,0,1,0,0,0,2,109,5,3,2,0,0,3,8,0,0,6,152,15,0,0,0,0,0,7,0,0,0
0,1,2,10,0,2,3,4,25,2,0,0,0,3,0,0,0,2,0,1,7,0,1,19,9,0,5,0,0,1,9,0,2,0,14,0,15,5,1,0,0,17,0,13,15,5,3,3,11,12,0,9,0,1,26,24,2,11,0,2,3,0,0,3,0,3,13,0,9,3,0,3,0,0,0,0,33,0,0,11,7,0,0,0,1,2,2,0,12,0,0,3,0,0,0,10,1,3,0,0
60,218,0,68,2,46,115,45,103,36,9,20,109,66,62,81,169,63,63,0,95,44,63,0,17,31,115,19,0,52,0,41,129,16,22,47,14,45,21,80,90,55,1,9,64,106,58,18,36,80,12,71,53,33,50,42,59,6,18,10,52,52,31,115,182,36,0,81,30,82,67,76,23,59,54,28,20,57,22,42,12,43,75,15,39,48,95,0,45,89,15,97,99,72,53,224,19,23,0,38
1,8,0,0,0,0,8,0,0,44,1,11,3,0,5,3,2,2,14,17,2,0,0,0,1,0,161,0,2,0,0,0,0,7,0,0,2,1,1,88,0,2,0,1,3,5,2,0,0,0,5,0,0,0,0,111,6,0,0,6,0,0,0,2,7,19,7,0,0,0,1,0,11,0,0,0,0,14,39,16,0,0,28,3,11,0,0,4,0,0,17,4,14,3,0,0,0,2,42,0
22,0,4,0,20,16,2,1,4,4,0,0,0,14,2,0,0,9,19,61,9,0,16,0,0,22,11,5,0,0,11,1,1,0,31,9,0,0,0,2,11,1,25,0,20,2,10,4,0,1,8,4,0,5,0,17,3,0,0,6,49,0,0,6,2,30,0,3,8,6,3,11,8,11,0,0,1,0,7,5,3,0,1,8,0,5,41,0,25,31,0,9,0,1,51,35,20,0,0,9
48,39,0,0,0,78,0,63,1,97,143,10,0,122,0,127,37,0,57,49,0,61,43,0,66,0,0,28,122,28,0,2,55,0,0,138,72,90,3,0,98,0,113,176,40,8,134,4,165,209,123,1,40,0,0,10,1,0,0,28,65,0,118,0,71,117,86,139,20,42,128,0,11,0,86,27,63,235,0,53,36,0,35,44,96,58,0,103,0,0,78,119,48,1,17,141,0,2,48,0
6,20,0,12,3,0,1,0,0,7,8,19,0,0,0,0,1,0,1,0,0,0,8,10,0,1,3,0,0,3,19,9,29,0,0,5,2,0,4,0,20,9,0,0,7,0,12,0,0,21,0,1,8,20,7,0,0,0,0,6,0,5,10,11,0,3,13,0,2,0,0,4,5,3,5,9,0,2,5,0,14,3,0,20,3,15,0,0,8,7,0,0,0,0,19,0,0,8,0,0
152,240,100,54,24,109,37,16,25,162,96,24,23,108,60,30,28,27,38,79,19,119,75,21,0,50,25,18,37,34,16,82,13,43,82,80,37,140,18,8,5,38,15,6,21,5,0,29,44,92,9,69,27,1,40,16,37,49,166,0,64,39,29,50,64,72,45,20,24,98,9,19,87,56,72,10,29,31,98,19,142,35,23,57,65,42,4,53,40,10,21,0,53,105,21,30,106,38,15,56
20,50,72,24,161,27,1,21,126,69,92,62,31,47,54,28,71,65,58,7,28,63,99,100,50,104,102,13,22,79,52,58,35,144,25,10,113,11,38,36,50,50,100,53,18,63,41,78,26,29,23,121,14,42,19,31,34,33,53,27,61,25,70,2,3,47,86,70,27,54,12,43,85,17,33,96,25,181,33,80,30,13,21,0,23,84,38,66,33,5,56,12,39,70,49,17,46,14,29,13
0,0,1,0,0,0,0,15,0,0,5,0,2,0,0,2,0,0,7,0,62,0,3,1,41,49,3,0,0,1,22,6,0,0,8,0,24,15,0,71,0,49,2,0,12,0,28,0,7,9,23,76,0,29,0,1,5,4,39,5,0,0,6,0,2,0,2,3,10,3,15,0,4,16,2,5,0,71,0,7,1,4,0,31,2,25,0,20,16,13,0,1,44,15,12,0,10,27,12,0
0,0,0,11,0,1,0,4,0,15,2,4,0,0,5,0,3,4,0,0,6,2,9,18,0,2,6,0,1,0,0,0,12,14,0,5,5,0,0,0,0,16,0,4,2,0,7,2,2,0,3,0,0,7,1,44,0,2,5,12,0,0,0,4,0,14,0,2,0,0,0,5,32,0,25,0,0,0,0,3,0,0,24,0,3,0,0,0,1,0,0,0,4,1,0,0,11,0,0,0
49,51,6,47,32,18,71,56,40,116,77,178,2,22,138,61,94,102,81,48,71,99,64,62,121,135,22,90,22,14,39,64,72,248,43,77,40,0,0,0,86,143,0,28,47,74,13,84,77,105,125,140,75,40,47,0,91,30,39,86,36,121,0,0,59,0,65,19,50,58,114,12,152,64,159,0,76,0,89,0,13,96,48,31,38,22,61,45,209,0,68,65,70,0,64,36,11,71,75,26
0,2,42,0,136,0,4,0,0,20,0,0,218,13,0,0,0,40,0,0,0,71,0,1,63,0,182,0,0,124,0,13,0,3,0,0,10,0,0,0,0,0,90,0,0,47,53,71,234,75,80,49,5,53,45,7,123,97,0,3,1,1,0,0,0,5,0,0,39,0,0,0,0,21,0,2,21,40,91,0,2,14,2,54,62,0,46,1,0,70,1,0,0,0,0,1,0,122,2,0
0,28,10,0,0,0,0,4,0,5,16,0,0,45,6,0,2,0,0,8,2,0,4,0,0,0,0,0,2,2,0,1,6,2,0,23,0,9,0,2,0,0,0,0,8,0,0,25,0,0,5,0,0,0,12,1,0,0,14,0,0,0,4,0,34,0,1,2,0,7,0,0,0,0,0,0,0,0,30,2,0,2,0,0,1,4,0,12,0,0,6,0,3,18,0,0,2,1,0,7
0,4,0,0,6,34,0,20,2,3,43,0,13,0,0,4,0,7,0,0,0,0,0,0,0,10,0,4,1,9,0,0,0,0,1,0,0,0,1,4,29,0,1,0,0,0,28,20,0,7,3,1,12,0,0,0,0,0,0,16,16,7,105,10,0,5,1,0,0,1,0,20,2,10,0,0,146,9,5,142,0,9,4,2,15,4,0,2,0,3,0,0,6,0,2,0,2,4,10,0
0,11,4,12,0,13,0,0,26,0,0,0,5,0,0,18,0,49,0,0,6,41,0,0,0,34,6,0,7,21,29,0,19,1,0,7,9,5,0,0,0,0,5,0,0,0,0,0,13,0,7,12,4,0,15,7,0,1,0,0,14,6,1,2,1,6,0,0,5,1,0,0,0,0,0,1,17,0,0,0,0,0,2,3,2,1,2,0,13,14,8,30,64,1,0,9,2,6,7,0
0,3,12,0,3,0,0,0,0,0,19,0,0,0,28,0,0,1,0,0,7,0,3,5,0,1,0,0,3,22,2,39,0,0,0,0,0,3,1,0,0,0,0,2,1,0,5,0,7,0,0,0,7,0,0,0,2,2,0,25,5,2,0,0,0,12,3,1,4,1,5,0,7,0,0,0,5,0,3,2,4,0,0,0,0,0,0,0,0,0,1,11,7,1,0,0,0,2,0,9
3,108,0,9,3,0,0,0,0,0,0,5,3,5,0,2,0,1,1,1,6,0,5,1,8,4,0,0,10,12,6,0,0,6,0,0,18,0,0,0,1,0,0,6,0,0,0,4,0,4,10,2,0,0,0,0,0,1,9,43,0,11,1,0,6,0,19,0,6,7,0,0,0,5,0,1,7,64,5,3,0,8,3,18,7,0,0,5,0,0,0,10,1,0,6,3,2,0,0,4
0,0,4,0,14,0,5,3,0,16,16,0,16,0,0,5,0,4,1,0,0,0,0,0,19,0,4,0,15,0,2,0,0,3,0,3,3,0,0,0,2,0,9,5,1,32,0,1,35,0,0,2,0,6,6,0,3,0,12,0,2,0,0,2,0,4,1,0,4,6,3,2,1,0,0,1,4,3,9,1,5,110,0,0,0,0,0,0,4,0,0,0,0,0,2,0,0,3,0,0
84,26,8,9,1,60,55,2,90,0,49,0,39,63,55,147,27,0,0,0,46,23,46,91,131,0,22,3,0,0,4,46,53,52,1,78,40,0,65,148,27,0,96,1,0,30,50,57,29,60,0,28,16,2,0,41,0,0,47,32,44,122,90,50,0,138,30,20,61,88,0,41,123,0,74,148,90,0,56,124,53,0,95,67,0,52,0,36,4,5,0,1,108,40,51,0,74,35,27,7
115,60,102,37,68,92,1,74,49,0,35,43,0,0,5,65,0,93,99,0,0,68,0,54,6,1,61,1,78,87,0,0,27,0,42,0,0,76,1,36,29,65,3,0,56,93,76,73,0,0,47,59,13,88,0,69,73,0,47,132,0,0,21,73,50,79,57,84,84,0,77,3,1,74,114,0,59,53,11,29,190,2,65,45,100,0,34,44,4,11,0,52,0,0,59,0,106,7,0,30
27,68,37,35,48,44,78,69,14,46,20,33,42,103,44,33,18,0,56,93,0,72,54,81,47,49,14,121,41,19,17,41,153,75,53,40,43,0,35,0,102,27,35,22,56,115,62,57,65,110,0,153,43,31,0,31,50,72,1,8,80,67,60,20,14,0,0,34,161,12,45,70,81,52,32,20,46,35,37,61,69,109,24,0,38,0,12,158,58,26,46,16,75,160,52,128,26,76,79,27
2,73,34,0,17,70,50,34,45,8,73,51,31,1,61,34,15,58,0,31,70,158,35,40,68,173,73,0,91,19,10,21,70,0,0,52,87,23,17,78,14,30,211,0,66,71,221,49,184,73,31,33,69,51,0,28,36,39,0,17,147,43,0,61,0,132,86,171,39,76,54,44,15,82,0,78,29,41,94,0,76,41,131,70,0,70,0,66,42,0,0,79,45,89,121,55,74,74,55,1
18,30,45,32,18,48,51,54,110,67,84,71,168,53,41,98,7,79,12,0,78,103,187,39,25,78,36,33,45,22,63,5,48,48,70,5,36,0,14,18,53,143,141,32,86,160,50,29,72,28,29,0,0,39,55,27,51,45,51,21,28,38,42,27,126,33,71,30,79,15,87,35,62,37,120,28,169,8,65,19,11,30,25,29,32,111,21,8,27,1,60,89,52,54,97,72,87,24,48,1
0,80,45,309,0,32,95,3,26,74,0,75,51,0,72,65,1,0,83,128,178,0,0,36,1,22,6,20,1,0,0,91,0,0,0,3,3,78,28,337,0,0,2,0,0,0,0,0,39,25,0,62,0,0,1,130,129,2,1,5,81,0,0,1,38,0,14,0,0,41,74,0,37,3,54,0,63,25,2,41,37,103,0,125,83,36,0,61,45,3,67,76,21,3,0,117,69,95,162,0
12,57,68,43,180,0,33,60,79,44,68,142,99,84,0,32,16,50,40,110,80,45,77,0,60,78,0,89,14,32,58,115,48,59,70,46,63,67,135,0,59,83,20,65,0,38,42,79,28,116,87,10,81,45,93,47,77,61,9,66,24,131,59,12,32,39,153,73,51,76,38,50,125,36,30,24,143,39,44,48,21,55,15,24,53,23,95,98,29,57,29,86,6,71,107,12,163,29,49,86
0,5,0,0,0,5,2,0,0,0,3,2,0,3,0,0,0,5,8,0,0,0,0,0,8,7,0,0,5,0,0,0,0,0,0,11,0,8,1,9,6,5,0,9,0,0,0,6,0,0,0,25,0,0,1,11,0,2,0,15,4,7,1,1,14,0,1,0,1,0,2,1,0,0,11,0,1,0,5,3,1,13,2,0,0,1,6,0,0,0,0,0,0,0,0,0,0,0,0,3
97,51,0,36,51,89,96,0,0,72,5,104,102,43,49,28,0,0,0,0,68,0,2,48,0,87,35,75,40,44,0,0,0,27,1,48,143,1,1,1,0,0,0,45,55,29,0,39,2,0,38,3,41,30,1,211,0,72,76,2,3,0,0,0,40,77,1,98,1,25,77,31,56,0,46,0,0,37,0,51,0,21,0,0,55,4,4,3,44,0,1,25,0,103,32,0,0,192,16,0
4,3,4,0,16,2,0,6,0,4,5,26,11,0,2,0,5,50,0,0,0,0,0,0,3,3,7,0,0,0,0,13,1,18,10,0,0,0,8,0,1,0,0,1,16,0,0,9,3,0,0,0,13,43,1,0,4,11,1,0,1,0,0,0,2,0,22,1,0,0,31,0,0,14,1,2,2,1,3,1,1,0,4,4,3,1,0,6,0,2,116,0,1,1,0,6,0,0,2,0
32,68,36,36,27,75,32,10,22,1,17,29,13,9,61,55,25,50,28,12,13,0,82,19,25,39,20,79,57,3,12,44,30,1,0,64,36,37,58,41,5,214,5,90,34,45,25,67,27,104,128,44,0,69,94,56,22,27,18,89,27,45,70,36,33,54,14,2,106,14,15,63,24,37,45,31,22,25,35,0,48,60,10,33,7,0,18,72,49,77,22,4,43,23,107,92,32,18,38,53
0,10,0,18,0,6,6,46,28,0,0,5,27,8,8,17,15,18,6,36,0,3,20,1,52,3,11,12,0,4,0,8,0,22,1,56,0,0,15,8,10,1,5,0,10,93,0,44,0,0,1,5,1,1,0,4,30,4,8,0,2,20,20,22,0,3,0,12,37,59,4,11,2,1,8,6,0,0,2,0,0,0,35,21,1,24,11,27,5,1,3,0,28,30,34,105,0,0,9,3
28,4,2,20,0,5,17,0,0,0,0,0,0,0,0,0,0,0,19,1,0,4,2,0,1,3,0,4,34,3,0,0,0,3,0,18,0,4,0,10,5,0,2,0,14,4,0,1,0,3,4,0,6,0,5,11,1,1,0,5,2,0,0,4,0,4,0,0,1,0,0,5,2,8,0,9,0,1,1,0,0,0,14,11,0,13,0,0,0,1,0,4,0,1,0,9,4,0,0,13
102,0,0,25,20,62,100,51,105,28,39,1,70,0,31,49,2,0,82,89,0,0,0,29,81,0,3,152,82,0,104,164,70,71,1,44,11,33,14,0,0,30,122,2,36,22,55,168,53,3,26,0,167,0,0,92,28,0,30,44,54,27,54,99,31,13,0,49,0,0,168,38,104,54,50,62,53,46,0,81,86,109,45,136,49,62,44,77,79,33,108,29,40,17,88,122,50,110,77,50
0,16,7,32,17,2,14,25,0,0,0,11,30,13,0,1,0,0,9,0,6,0,15,0,6,5,1,0,0,0,0,3,8,0,0,0,3,3,1,6,0,0,3,0,0,19,0,24,28,10,13,0,20,1,1,17,0,4,0,4,0,0,6,0,6,28,1,3,1,11,0,0,2,0,5,15,0,16,0,17,0,26,4,0,6,5,2,3,0,0,2,12,0,25,8,4,5,0,2,87
6,5,10,5,3,6,0,0,11,0,0,0,7,2,0,2,16,3,0,4,0,0,0,29,0,0,8,1,1,11,6,4,0,1,0,3,4,6,0,0,0,1,0,0,3,0,1,0,0,0,0,0,3,10,2,0,7,2,0,3,0,1,0,0,4,2,0,0,0,0,4,11,1,0,4,0,0,0,138,12,0,7,25,88,0,0,16,0,1,0,0,8,0,0,0,3,0,0,2,5
0,0,0,6,30,20,0,0,0,4,22,9,4,0,6,2,28,1,6,0,33,0,2,0,28,14,15,10,0,5,0,1,0,16,0,31,3,0,0,0,0,13,11,50,1,0,0,0,0,12,2,0,16,0,3,5,38,1,28,20,64,8,0,3,17,0,0,3,0,8,0,23,0,32,20,0,12,0,0,4,16,0,0,0,1,0,0,18,0,4,9,31,0,0,0,2,0,0,3,3
37,35,58,0,0,0,62,0,58,71,23,0,130,58,86,0,161,0,0,63,41,83,0,0,101,66,76,85,1,53,0,58,61,0,44,0,54,0,138,85,0,34,46,0,108,58,0,54,0,0,95,30,0,0,0,6,0,1,0,80,3,0,82,28,36,31,0,116,35,141,77,21,71,130,39,0,1,0,1,0,32,16,58,153,82,54,79,181,0,101,36,46,1,0,128,40,0,2,53,91
4,0,0,2,0,14,7,3,3,1,0,1,17,9,1,0,8,0,0,0,0,7,2,1,2,0,1,0,0,0,0,94,0,2,0,7,0,1,0,0,0,0,0,11,2,3,0,0,0,0,1,0,0,4,4,4,6,0,0,0,59,0,0,0,5,2,0,0,0,1,0,8,3,0,0,58,0,2,0,0,8,0,0,0,7,1,0,0,0,0,1,0,3,3,0,1,0,0,1,10
0,0,0,0,0,1,2,0,0,1,7,0,0,35,0,1,4,4,1,5,2,4,0,1,0,34,3,8,50,14,0,0,0,18,5,0,0,2,7,0,10,0,0,1,0,1,0,5,13,0,0,29,0,0,0,2,14,0,0,12,0,0,0,0,0,0,0,0,13,0,7,0,0,0,5,7,8,0,1,7,0,0,3,0,0,1,0,1,2,0,3,14,1,0,1,3,2,0,1,0
48,34,53,30,5,37,81,23,0,26,0,72,99,26,53,30,35,9,38,98,41,26,10,62,127,11,92,31,20,14,75,30,73,20,26,46,134,49,177,113,43,216,57,31,32,77,46,181,120,43,25,17,271,9,35,28,30,57,15,29,48,21,9,166,93,5,55,2,50,92,82,93,25,9,21,3,18,53,36,14,153,104,38,23,5,22,59,29,42,30,47,46,48,3,56,131,18,23,11,27
0,3,0,0,0,0,0,0,1,0,0,7,10,0,11,13,1,3,52,13,0,25,0,8,0,0,0,2,0,1,3,0,11,0,0,0,0,2,48,2,29,0,0,0,2,1,0,0,10,0,0,0,0,0,5,2,0,1,0,0,0,7,1,0,1,0,88,0,3,0,17,0,2,1,0,19,0,0,11,10,3,0,0,0,0,0,3,0,0,0,1,0,0,0,12,0,0,8,0,4
8,4,3,0,93,0,0,14,23,0,7,10,0,1,14,1,0,0,0,34,1,2,0,6,0,1,0,8,15,19,5,0,6,12,38,3,0,27,13,0,2,0,12,0,5,0,0,16,0,0,0,3,2,0,22,22,13,0,0,6,0,18,6,24,4,7,0,38,0,1,0,13,0,11,8,22,0,11,0,0,21,0,3,0,2,6,0,14,0,0,8,0,0,0,13,0,3,12,0,0
44,16,37,7,102,54,24,49,36,103,52,48,20,83,22,75,18,81,14,8,87,23,6,34,68,45,28,83,24,95,26,39,82,16,21,25,91,0,61,49,24,0,42,82,56,54,104,45,65,71,13,25,53,91,130,6,29,47,131,72,14,50,42,58,30,38,16,34,26,23,19,90,93,46,47,19,76,66,56,23,150,43,21,14,87,35,15,44,65,58,27,0,60,18,33,77,7,8,114,67
65,0,0,34,42,0,0,3,0,0,0,0,0,27,4,36,0,0,0,0,98,60,0,0,0,0,68,0,39,59,103,63,2,0,0,72,0,2,127,0,52,2,0,1,0,0,0,79,85,0,6,102,0,1,0,128,0,0,0,1,60,0,0,0,0,35,1,0,0,0,26,0,64,3,0,0,0,0,73,49,0,3,0,0,0,1,39,77,0,0,4,0,0,0,0,0,107,4,33,0
0,7,0,8,17,4,0,0,8,8,4,9,0,0,2,8,19,9,56,0,0,0,0,0,16,10,0,6,2,0,7,0,3,0,4,0,6,1,3,3,0,0,0,0,40,6,0,0,1,3,0,5,4,9,3,0,19,0,0,0,0,0,0,0,0,0,0,0,13,0,14,3,0,0,0,4,10,2,0,0,0,0,0,47,1,0,9,0,65,0,0,15,2,9,8,7,2,5,0,8
0,16,1,0,0,0,13,0,0,0,0,0,0,8,0,0,1,0,0,0,0,164,0,2,2,2,0,0,0,11,7,2,11,2,1,0,0,0,6,0,11,0,2,0,1,0,0,0,0,2,0,14,7,0,3,3,1,0,3,6,2,0,0,0,8,1,0,0,2,8,2,0,1,1,13,0,1,0,0,0,0,6,6,0,5,2,0,0,6,0,0,0,10,0,0,9,0,0,0,122
14,63,35,0,96,15,39,0,11,0,0,0,44,67,309,96,30,0,26,0,37,0,1,0,0,43,0,0,0,107,0,85,160,165,35,50,0,3,0,0,0,58,7,45,31,0,0,45,1,69,58,74,42,0,60,1,63,0,0,0,137,0,0,5,0,0,64,0,0,0,167,38,2,0,34,1,1,83,3,0,43,2,0,4,43,0,81,42,3,1,51,9,3,1,0,0,0,0,1,2
5,0,3,0,0,0,7,0,0,0,26,3,0,1,0,14,1,2,2,0,0,0,0,0,0,0,7,0,0,13,0,5,0,0,6,1,0,9,3,0,0,7,9,3,5,1,4,0,2,0,48,0,10,0,0,0,0,0,0,0,0,3,1,3,4,14,8,0,0,0,0,0,1,15,0,0,4,0,0,10,0,6,0,7,14,5,0,0,0,25,7,0,0,6,0,2,0,9,1,17
103,2,30,130,259,22,12,112,39,115,4,33,28,25,14,53,23,1,169,15,23,48,52,4,96,40,3,87,11,9,7,16,33,24,32,6,5,2,25,11,16,16,12,63,30,29,67,10,14,24,0,4,58,2,39,50,17,54,27,7,7,65,17,58,60,23,2,75,32,18,3,36,7,101,96,66,6,179,44,3,16,8,17,0,5,39,152,5,3,44,25,55,65,33,15,13,8,13,29,26
1,47,7,10,2,10,14,0,31,70,2,16,30,0,4,3,13,28,2,37,0,41,17,17,0,10,11,53,1,12,1,31,1,3,11,3,13,39,31,1,21,1,30,0,4,4,0,0,1,0,0,1,5,12,18,1,4,15,17,1,0,15,18,0,0,0,16,1,4,12,4,33,8,0,3,10,0,0,0,0,2,30,67,0,5,0,9,0,45,10,0,0,6,25,126,0,8,50,56,6
144,0,52,93,0,2,50,21,78,107,54,0,0,121,44,68,0,32,153,36,0,32,90,0,75,154,0,84,0,54,1,48,25,0,34,71,175,0,208,32,0,144,58,47,0,51,28,0,0,143,69,0,99,0,72,30,0,17,63,0,2,62,32,27,142,116,84,0,1,40,203,0,145,93,7,3,54,56,0,0,48,9,62,53,0,24,92,64,34,0,25,146,36,121,85,54,89,1,32,83
149,79,47,100,92,0,0,31,79,16,110,4,85,107,37,44,0,0,0,55,0,79,40,38,0,62,66,41,66,0,94,0,1,53,0,54,0,91,1,95,0,31,94,1,57,49,81,43,118,0,55,153,94,67,0,9,38,50,75,0,19,11,82,41,0,141,38,0,82,21,0,194,42,172,35,79,81,23,0,122,48,114,30,0,91,103,54,46,38,59,0,58,73,108,0,0,27,0,55,6
27,0,0,7,0,0,10,12,13,12,27,3,3,11,7,7,12,0,3,4,0,0,7,22,1,4,4,0,0,7,0,0,0,0,0,0,0,0,0,3,0,0,0,6,8,0,3,0,0,0,0,0,0,9,16,0,0,7,0,0,0,3,0,2,6,3,0,3,7,0,9,0,12,1,0,0,7,1,0,32,0,9,0,0,0,0,0,15,0,0,43,6,6,18,0,0,23,22,1,4
31,15,73,179,82,29,8,15,47,35,34,98,76,77,49,6,29,68,26,68,40,15,51,23,11,21,3,46,51,64,13,7,57,16,0,54,104,68,217,14,19,33,49,59,21,41,31,140,21,11,187,26,59,33,19,0,70,87,28,12,20,12,60,41,63,50,107,166,8,22,34,13,55,14,18,41,74,58,10,29,77,35,0,21,18,35,44,34,20,0,42,42,7,19,25,39,17,55,35,81
0,25,7,3,3,0,3,0,7,0,2,10,4,0,39,0,0,0,0,0,0,6,3,4,1,0,0,0,0,11,49,1,9,11,9,3,13,0,0,14,0,11,1,31,0,0,15,1,13,2,4,0,1,5,31,30,9,0,0,0,0,3,28,2,9,0,14,4,0,1,0,31,0,0,7,6,2,2,0,17,4,0,2,0,4,2,1,0,23,3,2,0,0,0,1,7,0,25,18,28
0,1,9,0,0,67,4,22,0,0,0,0,0,0,138,0,0,0,0,2,0,96,0,6,1,0,0,0,193,0,0,1,0,6,0,0,0,39,0,0,0,101,3,0,73,0,64,60,0,0,116,0,0,0,0,0,75,0,70,0,0,0,89,0,0,0,3,0,0,0,96,0,0,2,4,77,53,0,6,1,99,93,0,72,0,128,51,0,2,0,135,0,26,0,6,0,1,10,0,0
34,0,0,0,67,6,47,0,0,31,60,74,1,47,159,0,0,0,59,1,0,0,0,36,101,0,0,37,74,4,0,0,46,0,25,1,75,0,57,0,86,95,10,102,22,0,55,17,64,0,3,52,0,0,192,27,3,156,143,0,93,72,120,47,1,0,0,11,0,74,0,0,85,0,46,0,36,50,17,0,0,105,6,1,3,0,142,25,35,45,43,32,0,0,0,0,41,47,66,27
0,0,13,0,1,0,7,23,0,0,0,0,11,13,0,0,0,0,0,0,1,6,8,37,0,0,0,3,0,15,0,46,0,10,0,0,3,0,8,2,0,0,8,0,5,0,0,0,4,3,0,0,0,0,40,35,3,5,6,0,2,2,0,49,0,0,0,8,9,27,0,0,4,1,0,0,6,4,2,0,0,0,5,0,0,0,0,3,0,13,1,2,4,0,7,0,2,0,0,2
0,7,3,73,0,20,196,1,0,160,121,0,0,0,0,0,0,91,0,0,22,0,3,0,1,1,1,0,188,3,82,2,0,0,0,0,117,6,0,0,92,0,0,108,0,5,111,0,0,73,104,68,0,0,0,0,1,0,0,0,8,0,0,73,0,0,5,58,2,183,68,0,71,0,25,0,0,15,0,0,0,0,1,0,37,0,0,0,1,0,0,118,0,0,0,0,0,39,7,0
15,23,162,0,36,85,0,88,76,32,76,52,71,51,45,137,47,0,75,123,112,80,28,77,189,111,6,60,27,119,65,141,38,0,79,82,206,22,0,108,59,164,90,114,4,73,0,103,41,56,14,51,42,53,23,75,30,25,91,67,24,85,70,26,222,21,80,70,38,0,11,133,91,55,44,118,76,5,39,80,67,90,153,76,100,37,0,0,16,31,155,43,0,66,61,55,91,259,114,96
9,0,4,0,0,3,13,6,11,0,9,0,0,0,0,0,1,5,0,0,0,2,0,21,0,0,0,0,0,5,1,0,0,0,0,5,48,1,1,3,17,0,0,0,3,0,0,0,0,0,0,7,2,4,8,1,14,0,0,1,0,0,15,0,2,22,1,0,118,8,0,1,0,14,21,0,0,0,1,0,0,0,0,8,0,4,0,0,1,8,0,1,1,0,0,0,12,0,0,0
0,15,7,0,0,8,0,2,0,28,0,0,1,2,0,35,8,6,2,3,20,0,0,0,0,0,0,0,57,2,0,0,3,7,0,12,10,17,18,4,0,1,0,26,4,3,0,17,0,14,0,0,2,0,3,0,1,18,0,3,0,0,1,13,0,0,3,0,7,6,1,0,0,1,0,12,0,4,2,165,0,0,0,0,0,8,6,3,6,0,5,0,6,0,0,0,0,7,28,14
3,7,33,0,31,2,7,5,4,0,0,1,0,0,1,0,1,5,45,0,0,15,0,6,0,0,0,0,2,0,9,1,20,0,1,7,12,22,1,21,2,1,0,3,2,2,0,0,0,7,1,0,1,3,2,13,11,0,4,1,10,1,1,5,0,0,5,3,6,0,1,10,0,2,9,0,0,0,96,0,6,0,0,3,4,1,0,0,35,0,17,0,9,0,8,0,0,2,0,0
87,3,74,102,0,0,120,0,36,0,96,34,6,0,9,146,0,0,2,0,60,0,213,0,44,0,49,100,1,0,0,0,58,0,0,0,0,67,0,69,2,0,2,136,4,1,0,0,78,97,0,0,93,140,0,92,93,63,0,0,3,2,0,0,0,0,0,0,1,0,58,0,0,0,0,140,0,0,0,0,55,0,3,32,0,4,0,0,48,0,61,1,0,10,18,1,0,0,0,1
178,62,75,17,29,0,106,13,29,32,95,120,13,43,79,25,54,34,40,83,17,41,20,88,41,34,84,85,21,104,94,56,12,44,28,6,107,11,116,59,45,96,71,46,27,52,31,57,36,67,53,5,58,65,61,101,157,23,36,46,74,72,174,29,99,70,48,115,61,10,29,49,60,21,26,29,1,129,122,18,5,43,22,20,17,77,0,90,11,75,137,1,37,94,130,7,93,65,89,21
0,24,0,157,0,1,46,5,94,1,0,0,0,88,0,0,0,76,0,0,1,0,69,130,4,0,0,85,0,1,0,0,4,54,0,0,0,4,0,94,0,0,0,0,70,1,0,0,11,38,0,5,0,0,0,1,50,0,30,19,0,0,0,207,0,2,0,58,0,318,9,2,8,0,0,0,159,89,0,0,0,0,48,65,1,0,0,0,146,0,0,2,0,0,28,2,0,0,50,1
11,1,168,68,31,1,0,36,57,5,43,55,9,4,23,33,28,35,15,12,9,17,47,105,33,69,9,9,16,6,81,171,37,10,188,33,20,8,33,23,53,13,161,22,32,92,25,92,7,24,29,0,19,16,43,17,37,21,25,68,24,37,116,11,33,54,49,5,13,10,3,21,79,39,0,23,14,30,82,15,14,20,47,23,0,21,0,107,74,30,48,22,24,42,10,5,16,6,17,48
41,54,40,44,0,13,57,48,214,78,53,270,0,29,163,49,14,136,79,2,50,161,25,25,106,55,113,74,42,0,21,21,36,12,4,80,21,18,33,73,47,6,56,11,36,17,66,24,74,5,42,97,14,5,21,81,6,72,30,12,22,74,44,71,57,30,84,52,133,25,50,24,8,15,49,104,15,0,49,134,0,65,26,13,52,66,54,10,44,25,129,57,97,118,33,62,51,80,8,78
45,50,166,35,112,90,117,91,73,94,28,46,55,166,36,116,16,70,7,78,15,38,27,10,36,140,47,51,53,67,46,20,60,12,47,181,39,19,100,79,114,8,31,204,45,8,45,90,98,59,31,91,188,13,35,53,47,103,5,33,59,78,26,53,185,26,137,35,24,81,37,141,26,94,34,122,81,36,31,23,88,39,35,25,31,0,33,4,77,116,277,27,0,56,34,22,14,157,136,39
